{"_runtime":35.075442,"_step":0,"acc":[{"recall":[0.0183,0.0183,0.0183,0.0183,0.0183,0.0183,0.0183,0.0183,0.0183,0.0183,0.2576],"precision":[0.0168,0.0168,0.0168,0.0168,0.0168,0.0168,0.0168,0.0168,0.0168,0.0168,0.2217],"f1":[0.0175,0.0175,0.0175,0.0175,0.0175,0.0175,0.0175,0.0175,0.0175,0.0175,0.2383],"ncdg":[0.0209,0.0209,0.0209,0.0209,0.0209,0.0209,0.0209,0.0209,0.0209,0.0209,0.3201]}],"loss":[{"bpr_loss":[0.669,0.4844,0.3792,0.3495,0.3356,0.3222,0.3098,0.3026,0.2944,0.2875,0.2821],"reg_loss":[0.001,0.002,0.0032,0.0038,0.0041,0.0045,0.0047,0.005,0.0053,0.0056,0.0059],"total_loss":[0.67,0.4863,0.3824,0.3533,0.3397,0.3267,0.3146,0.3077,0.2997,0.2931,0.2879]}],"_timestamp":1.740802258684057e+09,"_wandb":{"runtime":35}}