{"loss":0.21214766044393288,"_wandb":{"runtime":0},"_timestamp":1.740801744548233e+09,"_runtime":0.491655,"_step":7,"acc":0.8037606779557162}