{"_wandb":{"runtime":3022},"_step":1000,"ncdg":0.45410440569399896,"reg_loss":0.060303001354138054,"recall@20":0.3665645831702083,"total_loss":0.16079777498275805,"bpr_loss":0.10049477295997815,"_timestamp":1.741485597458672e+09,"_runtime":3021.998456}