{"_timestamp":1.740803019033953e+09,"_runtime":34.742725,"_step":10,"_wandb":{"runtime":34},"acc":0.3200988739512837,"loss":0.28206424720776385}