{"_wandb":{"runtime":34},"acc":0.3200988739512837,"loss":0.28206424835400706,"_timestamp":1.740803195166083e+09,"_runtime":34.703353,"_step":10}