{"_timestamp":1.740801892128784e+09,"_runtime":0.895703,"_step":97,"acc":0.9490921128074435,"_wandb":{"runtime":0},"loss":0.04835899702125998}