{"total_loss":0.20132379157420915,"reg_loss":0.02005641986257755,"_timestamp":1.740803982257164e+09,"bpr_loss":0.18126737001614693,"acc":0.41359988776872864,"_step":100,"_wandb":{"runtime":309},"recall@20":0.33376890056809994,"_runtime":309.309961}