{"_step":8,"recall@20":0.018251370491421986,"_runtime":26.718716,"ncdg":0.020939723323517567,"_wandb":{"runtime":27},"reg_loss":0.005300493815388435,"total_loss":0.2997061392435661,"_timestamp":1.7408973578436852e+09,"bpr_loss":0.2944056449028162}