{"_step":100,"acc":0.41359988776872864,"loss":0.18126737116239008,"_timestamp":1.7408035520247529e+09,"_runtime":308.872997,"_wandb":{"runtime":308}}