{"_step":99,"ncdg":0.4131943527892204,"reg_loss":0.02167567613128668,"bpr_loss":0.175298504340343,"_runtime":311.045248,"_timestamp":1.741482402298832e+09,"contrast_loss":0.1964402628632692,"total_loss":0.20679619316107187,"_wandb":{"runtime":314},"recall@20":0.33354579988979605}