{"_runtime":3042.918347,"bpr_loss":0.09683288500095025,"ncdg":0.4532541584011687,"reg_loss":0.06345126768335319,"_step":1000,"recall@20":0.36589894588390154,"_wandb":{"runtime":3042},"total_loss":0.16495086386417732,"_timestamp":1.7414814734104042e+09}