{"_timestamp":1.740802684333193e+09,"_runtime":1.149078,"_step":97,"_wandb":{"runtime":1},"acc":0.8610809801919532,"loss":0.13774847837576104}