{"acc":[0.0209,0.0209,0.0209,0.0209,0.0209,0.0209,0.0209,0.0209,0.0209,0.0209,0.3201],"loss":[0.669,0.4844,0.3792,0.3495,0.3356,0.3222,0.3098,0.3026,0.2944,0.2875,0.2821],"_timestamp":1.7408025804207292e+09,"_runtime":35.051526,"_step":0,"_wandb":{"runtime":35}}